nombre,nombre-href,descorta,desclarga,precio,foto-src
"Canon EOS 100D - Cámara réflex digital de 18 Mp (pantalla 3"", estabilizador), color negro - kit con objetivo 18...",https://www.amazon.es/Canon-EOS-100D-estabilizador-importado/dp/B00BYPW04E/ref=lp_930862031_1_14?s=electronics&ie=UTF8&qid=1487175056&sr=1-14,"<ul class=""a-vertical a-spacing-none"">
					
						



<div id=""hsx-rpp-bullet-fits-message"" class=""aok-hidden"">
    <div class=""a-box a-alert-inline a-alert-inline-success hsx-rpp-fitment-bullets""><div class=""a-box-inner a-alert-container""><i class=""a-icon a-icon-alert""></i><div class=""a-alert-content"">
        Es adecuado para su &nbsp;<span class=""hsx-rpp-bullet-model-info""></span>.
    </div></div></div>
</div>



<li id=""replacementPartsFitmentBullet"" data-doesntfitmessage=""No se ha encontrado información de esta pieza para "" data-fitsmessage=""Es adecuado para su "" class=""aok-hidden""><span class=""a-list-item"">
        <span id=""replacementPartsFitmentBulletInner""> <a class=""a-link-normal hsx-rpp-fitment-focus"" href=""#"">Haz clic aquí </a>
                <span>para comprobar si este product es compatible con tu modelo</span>
        </span>
</span></li>

<script type=""text/javascript"">
    P.when(""ReplacementPartsBulletLoader"").execute(function(module){ module.initializeDPX(); })
</script>

					
					
						<li><span class=""a-list-item""> 
							Peso (incluyendo batería): 407 g
							
						</span></li>
					
						<li><span class=""a-list-item""> 
							Peso (incluyendo batería): 407 g
							
						</span></li>
					
				</ul>
				<!--  Loading EDP related metadata -->","<h4 class=""a-spacing-mini"">
        Características detalladas
    </h4>

                













     
 
     


    




                










     
    

 




    <p class=""a-spacing-base"">
        Querrás llevar tu cámara réflex digital a todas partes
    </p>

    <p class=""a-spacing-base"">
        La cámara EOS 100D es una eficaz y completa cámara reflex digital que dispone de un tamaño lo suficientemente compacto como para llevarla allá donde vayas. La cámara perfecta para documentar tu estilo de vida. Consigue fotos de 18 megapíxeles y vídeos Full-HD allá donde vayas y disfruta de un rendimiento alto incluso con poca luz: la sensibilidad ISO máxima de 12 800 (ampliable a ISO 25 600) te permite obtener imágenes llenas de esencia con un bajo nivel de ruido.
    </p>

    <p class=""a-spacing-base"">
        Uso divertido y sencillo
    </p>

    <p class=""a-spacing-base"">
        Realiza composiciones de fotografías con el eficaz y luminoso visor óptico, o utiliza la pantalla táctil LCD Clear View II de 7,7 cm (3,0”) de 1 040 000 puntos y formato 3:2 para controlar la cámara. Navega por los menús, vuelve a ver tus fotos e incluso enfoca y fotografía con solo tocar, deslizar y pellizcar la pantalla.
    </p>

    <p class=""a-spacing-base"">
        Funcionamiento sencillo, resultados fantásticos
    </p>

    <p class=""a-spacing-base"">
        La tecnología del Modo de Escenas Automático Inteligente de Canon analiza cada escena y establece los ajustes más adecuados de la cámara automáticamente. Y, a medida que avances en el mundo de la fotografía, la Guía de funciones integrada te mostrará cómo sacarle el máximo partido a tu cámara.
    </p>

    <p class=""a-spacing-base"">
        Graba vídeos Full HD
    </p>

    <p class=""a-spacing-base"">
        Graba vídeos de alta calidad con una resolución máxima Full-HD (1080p). Toma el control de la exposición, el enfoque, el sonido y mucho más, o utiliza el modo Video Snapshot para captar secuencias de vídeo editadas en la videocámara. El sensor AF CMOS Híbrido II proporciona un enfoque continuo cuando haces fotografías, perfecto para mantener enfocados los motivos en movimiento.
    </p>

    <p class=""a-spacing-base"">
        Captura la acción
    </p>

    <p class=""a-spacing-base"">
        Realiza un seguimiento de los sujetos en movimiento a 4 fps y sácale el máximo rendimiento a los nueve puntos AF para enfocar de forma ágil y precisa, incluso cuando los motivos no estén centrados.
    </p>

    <p class=""a-spacing-base"">
        Deja volar tu creatividad
    </p>

    <p class=""a-spacing-base"">
        Expresa tu lado creativo con uno de los Filtros Creativos de la cámara EOS 100D. El Disparo con Efecto Extra permite captar una misma imagen con filtros o sin ellos de forma simultánea. Elige entre efectos como Blanco y negro granulado, Cámara de Juguete, Miniatura y muchos más, y realiza una vista preliminar de cada filtro antes de hacer la foto.
    </p>

    <p class=""a-spacing-base"">
        Un modo para cada fotografía
    </p>

    <p class=""a-spacing-base"">
        Los modos de escena temáticos eligen automáticamente los ajustes más adecuados para el motivo que se va a fotografiar. Elige entre Retrato, Paisaje, Deportes, Niños, Comida y muchos más. Y cuando estés preparado, continúa con el modo Creative Auto para obtener un mayor control en factores como los fondos difuminados a través de una interfaz intuitiva.
    </p>

    <p class=""a-spacing-base"">
        Bienvenido al Sistema EOS
    </p>

    <p class=""a-spacing-base"">
        Aprovecha la amplia gama de objetivos, accesorios y flashes que conforman el Sistema EOS.
    </p>","EUR 448,31",https://images-na.ssl-images-amazon.com/images/I/81o4MBfro4L._SX355_.jpg
"Nikon D750 - Cámara réflex digital de 24.3 Mp (pantalla 3.2"", vídeo Full HD), color negro - Solo cuerpo",https://www.amazon.es/Nikon-D750-C%C3%A1mara-digital-pantalla/dp/B00NINZLKK/ref=lp_930862031_1_7?s=electronics&ie=UTF8&qid=1487175056&sr=1-7,"<ul class=""a-vertical a-spacing-none"">
					
						



<div id=""hsx-rpp-bullet-fits-message"" class=""aok-hidden"">
    <div class=""a-box a-alert-inline a-alert-inline-success hsx-rpp-fitment-bullets""><div class=""a-box-inner a-alert-container""><i class=""a-icon a-icon-alert""></i><div class=""a-alert-content"">
        Es adecuado para su &nbsp;<span class=""hsx-rpp-bullet-model-info""></span>.
    </div></div></div>
</div>



<li id=""replacementPartsFitmentBullet"" data-doesntfitmessage=""No se ha encontrado información de esta pieza para "" data-fitsmessage=""Es adecuado para su "" class=""aok-hidden""><span class=""a-list-item"">
        <span id=""replacementPartsFitmentBulletInner""> <a class=""a-link-normal hsx-rpp-fitment-focus"" href=""#"">Haz clic aquí </a>
                <span>para comprobar si este product es compatible con tu modelo</span>
        </span>
</span></li>

<script type=""text/javascript"">
    P.when(""ReplacementPartsBulletLoader"").execute(function(module){ module.initializeDPX(); })
</script>

					
					
						<li><span class=""a-list-item""> 
							Sensor de formato FX de 24.3 Mp
							
						</span></li>
					
						<li><span class=""a-list-item""> 
							Pantalla abatible de 3.2 pulgadas
							
						</span></li>
					
						<li><span class=""a-list-item""> 
							Grabación de vídeo 1080p full hd
							
						</span></li>
					
						<li><span class=""a-list-item""> 
							Wi-Fi integrada
							
						</span></li>
					
						<li><span class=""a-list-item""> 
							Velocidad de ráfaga de hasta 6,5 fps
							
						</span></li>
					
						<li><span class=""a-list-item""> 
							Procesador de imágen EXPEED 4
							
						</span></li>
					
				</ul>
				<!--  Loading EDP related metadata -->","<h5 class=""a-spacing-mini a-color-secondary"">
        Picture control 2.0
    </h5>

                










     
    

 




    <p class=""a-spacing-base"">
        Capture imágenes estáticas y vídeos con un control total de la nitidez, el contraste, el brillo, el tono y la saturación. La postproducción resulta muy sencilla gracias a la opción Plano, que permite obtener el máximo rango dinámico; los detalles se pueden ajustar con precisión gracias a la opción Claridad. La configuración puede ajustarse visualmente a medida que se dispara. También puede guardar distintas opciones para los vídeos y las fotografías en un menú específico para optimizar el proceso de disparo.
    </p>




                













     
 
     


    




    <h5 class=""a-spacing-mini a-color-secondary"">
        Pantalla de color ajustable
    </h5>

                










     
    

 




    <p class=""a-spacing-base"">
        Ajuste el balance de color y el brillo en cualquier dirección para que se adapte a sus preferencias de flujo de trabajo personales. La pantalla LCD abatible RGBW antirreflectante de 8 cm (3,2 pulgadas) y 1 229 000 puntos permite un funcionamiento flexible y sencillo en cualquier situación.
    </p>




                













     
 
     


    




    <h5 class=""a-spacing-mini a-color-secondary"">
        Diseño de ahorro de energía
    </h5>

                










     
    

 




    <p class=""a-spacing-base"">
        Dispare más tiempo con una sola carga. Capture hasta 1230 imágenes estáticas y hasta 55 minutos de metraje de vídeo² con una sola carga de la batería recargable de iones de litio EN-EL15, ultracompacta y ligera.
    </p>","EUR 1.755,09",https://images-na.ssl-images-amazon.com/images/I/81NhrHPAjkL._SX355_.jpg
"Nikon D5500- Cámara réflex digital de 24.2 Mp (pantalla 3.2"", estabilizador óptico, grabación de vídeo Full HD...",https://www.amazon.es/Nikon-digital-pantalla-estabilizador-grabaci%C3%B3n/dp/B01B5UZ4NG/ref=lp_930862031_1_21?s=electronics&ie=UTF8&qid=1487175056&sr=1-21,"<ul class=""a-vertical a-spacing-none"">
					
						



<div id=""hsx-rpp-bullet-fits-message"" class=""aok-hidden"">
    <div class=""a-box a-alert-inline a-alert-inline-success hsx-rpp-fitment-bullets""><div class=""a-box-inner a-alert-container""><i class=""a-icon a-icon-alert""></i><div class=""a-alert-content"">
        Es adecuado para su &nbsp;<span class=""hsx-rpp-bullet-model-info""></span>.
    </div></div></div>
</div>



<li id=""replacementPartsFitmentBullet"" data-doesntfitmessage=""No se ha encontrado información de esta pieza para "" data-fitsmessage=""Es adecuado para su "" class=""aok-hidden""><span class=""a-list-item"">
        <span id=""replacementPartsFitmentBulletInner""> <a class=""a-link-normal hsx-rpp-fitment-focus"" href=""#"">Haz clic aquí </a>
                <span>para comprobar si este product es compatible con tu modelo</span>
        </span>
</span></li>

<script type=""text/javascript"">
    P.when(""ReplacementPartsBulletLoader"").execute(function(module){ module.initializeDPX(); })
</script>

					
					
						<li><span class=""a-list-item""> 
							Sensor de imagen CMOS retroiluminado de 24.2 Mp en formato DX
							
						</span></li>
					
						<li><span class=""a-list-item""> 
							Pantalla TFT LCD de 7.5 cm (3 pulgadas)
							
						</span></li>
					
						<li><span class=""a-list-item""> 
							Lente 18-55mm con estabilización de imagen VR
							
						</span></li>
					
						<li><span class=""a-list-item""> 
							Grabación de vídeo en Full HD (1080p)
							
						</span></li>
					
						<li><span class=""a-list-item""> 
							Kit con objetivo AF-P 18-55mm VR
							
						</span></li>
					
				</ul>
				<!--  Loading EDP related metadata -->",null,"EUR 730,99",https://images-na.ssl-images-amazon.com/images/I/818odlsDknL._SX355_.jpg
"Canon EOS 700D - Cámara réflex digital de 18 Mp (pantalla 3"", estabilizador), color negro - kit con objetivo EF-S...",https://www.amazon.es/Canon-EOS-700D-estabilizador-Importado/dp/B00BYPW00I/ref=lp_930862031_1_13?s=electronics&ie=UTF8&qid=1487175056&sr=1-13,"<ul class=""a-vertical a-spacing-none"">
					
						



<div id=""hsx-rpp-bullet-fits-message"" class=""aok-hidden"">
    <div class=""a-box a-alert-inline a-alert-inline-success hsx-rpp-fitment-bullets""><div class=""a-box-inner a-alert-container""><i class=""a-icon a-icon-alert""></i><div class=""a-alert-content"">
        Es adecuado para su &nbsp;<span class=""hsx-rpp-bullet-model-info""></span>.
    </div></div></div>
</div>



<li id=""replacementPartsFitmentBullet"" data-doesntfitmessage=""No se ha encontrado información de esta pieza para "" data-fitsmessage=""Es adecuado para su "" class=""aok-hidden""><span class=""a-list-item"">
        <span id=""replacementPartsFitmentBulletInner""> <a class=""a-link-normal hsx-rpp-fitment-focus"" href=""#"">Haz clic aquí </a>
                <span>para comprobar si este product es compatible con tu modelo</span>
        </span>
</span></li>

<script type=""text/javascript"">
    P.when(""ReplacementPartsBulletLoader"").execute(function(module){ module.initializeDPX(); })
</script>

					
					
						<li><span class=""a-list-item""> 
							Sensor de 18 MP con tamaño 22,3 x 14,9 mm y tecnología CMOS
							
						</span></li>
					
						<li><span class=""a-list-item""> 
							Kit con objetivo 18 -55 mm
							
						</span></li>
					
						<li><span class=""a-list-item""> 
							Pantalla de 3 pulgadas
							
						</span></li>
					
						<li><span class=""a-list-item""> 
							Estabilizador de imagen digital
							
						</span></li>
					
						<li><span class=""a-list-item""> 
							Grabación de vídeo 1080p
							
						</span></li>
					
				</ul>
				<!--  Loading EDP related metadata -->",null,"EUR 525,00",https://images-na.ssl-images-amazon.com/images/I/91FBF9VxHlL._SX355_.jpg
"Canon EOS 6D - Cámara réflex digital de 20.2 Mp (pantalla 3.2"", vídeo Full HD, GPS), color negro - Solo cuerpo",https://www.amazon.es/Canon-EOS-6D-digital-pantalla/dp/B00AAULJLE/ref=lp_930862031_1_9?s=electronics&ie=UTF8&qid=1487175056&sr=1-9,"<ul class=""a-vertical a-spacing-none"">
					
						



<div id=""hsx-rpp-bullet-fits-message"" class=""aok-hidden"">
    <div class=""a-box a-alert-inline a-alert-inline-success hsx-rpp-fitment-bullets""><div class=""a-box-inner a-alert-container""><i class=""a-icon a-icon-alert""></i><div class=""a-alert-content"">
        Es adecuado para su &nbsp;<span class=""hsx-rpp-bullet-model-info""></span>.
    </div></div></div>
</div>



<li id=""replacementPartsFitmentBullet"" data-doesntfitmessage=""No se ha encontrado información de esta pieza para "" data-fitsmessage=""Es adecuado para su "" class=""aok-hidden""><span class=""a-list-item"">
        <span id=""replacementPartsFitmentBulletInner""> <a class=""a-link-normal hsx-rpp-fitment-focus"" href=""#"">Haz clic aquí </a>
                <span>para comprobar si este product es compatible con tu modelo</span>
        </span>
</span></li>

<script type=""text/javascript"">
    P.when(""ReplacementPartsBulletLoader"").execute(function(module){ module.initializeDPX(); })
</script>

					
					
						<li><span class=""a-list-item""> 
							Sensor de formato completo (full frame) de 20.2 megapíxeles
							
						</span></li>
					
						<li><span class=""a-list-item""> 
							Construcción ligera y resistente
							
						</span></li>
					
						<li><span class=""a-list-item""> 
							Sensibilidad ISO máxima 25.600 (ampliable a 102.400 ISO)
							
						</span></li>
					
						<li><span class=""a-list-item""> 
							AF de 11 puntos con sensibilidad hasta -3 EV
							
						</span></li>
					
						<li><span class=""a-list-item""> 
							Vídeo Full-HD
							
						</span></li>
					
						<li><span class=""a-list-item""> 
							Peso del producto: 680 g
							
						</span></li>
					
				</ul>
				<!--  Loading EDP related metadata -->",null,"EUR 1.399,00",https://images-na.ssl-images-amazon.com/images/I/81NLFBSMJIL._SX355_.jpg
"Cajuela remoto, PIXEL T9 / DC2 LCD Multifunción Disparador Remoto Desbloqueo Del Adaptador De Controlador De Temporizador...",https://www.amazon.es/Multifunci%C3%B3n-Disparador-Desbloqueo-Controlador-Temporizador/dp/B01IH5D7QI/ref=lp_930862031_1_19?s=electronics&ie=UTF8&qid=1487175056&sr=1-19,"<ul class=""a-vertical a-spacing-none"">
					
						



<div id=""hsx-rpp-bullet-fits-message"" class=""aok-hidden"">
    <div class=""a-box a-alert-inline a-alert-inline-success hsx-rpp-fitment-bullets""><div class=""a-box-inner a-alert-container""><i class=""a-icon a-icon-alert""></i><div class=""a-alert-content"">
        Es adecuado para su &nbsp;<span class=""hsx-rpp-bullet-model-info""></span>.
    </div></div></div>
</div>



<li id=""replacementPartsFitmentBullet"" data-doesntfitmessage=""No se ha encontrado información de esta pieza para "" data-fitsmessage=""Es adecuado para su "" class=""aok-hidden""><span class=""a-list-item"">
        <span id=""replacementPartsFitmentBulletInner""> <a class=""a-link-normal hsx-rpp-fitment-focus"" href=""#"">Haz clic aquí </a>
                <span>para comprobar si este product es compatible con tu modelo</span>
        </span>
</span></li>

<script type=""text/javascript"">
    P.when(""ReplacementPartsBulletLoader"").execute(function(module){ module.initializeDPX(); })
</script>

					
					
						<li><span class=""a-list-item""> 
							Compatible con Nikon: Nikon D3100 D3200 D3300 D5000 D5100 D5200 D5300 D5500 D90 D7000 D7100 D7200 D600 D610 D750 Df, Nikon 1 V3. Coolpix: P7700 P7800 Coolpix Aa
							
						</span></li>
					
						<li><span class=""a-list-item""> 
							Sistema de control inalámbrico de 2,4 GHz FSK: Cuenta con direccionalidad, de 80 millones de distancia remota y ultra-poderoso anti-interferencias causadas por otros dispositivos similares. El uso de la tecnología de transmisión 2.4G internacional, que es la respuesta estable y rápido de obturador.
							
						</span></li>
					
						<li><span class=""a-list-item""> 
							Bajo consumo de la pantalla LCD: Se utiliza el panel LCD de bajo consumo para reducir su consumo de energía y alargar el tiempo de trabajo en gran medida. Tanto del canal de comunicación transmisor y el receptor adoptan visualización de la pantalla LCD, que permite a toda la información que se mostrará en la pantalla. Así que es fácil y clara de manejar.
							
						</span></li>
					
						<li><span class=""a-list-item""> 
							Estilo estética y buena mano-siente: El mando a distancia se integra diseño estético para ofrecerle la más cómoda mano-siente a través de medición de la relación mano de retención. El tamaño es adecuado para la mayor parte de la mano de los fotógrafos, por lo que es mucho más práctico. Con un diseño anti-caída de alta calidad similar a la piel, que le ofrece un mejor recurso táctil.
							
						</span></li>
					
				</ul>
				<!--  Loading EDP related metadata -->",null,"EUR 29,99",https://images-na.ssl-images-amazon.com/images/I/61owmoC6QjL._SY355_.jpg
"Canon EOS 1300D + EF-S 18-55 IS II - Cámara digital (18 MP, CMOS 5184 x 3456 pixeles), negro",https://www.amazon.es/Canon-EOS-1300D-EF-S-18-55/dp/B01CQPABLE/ref=lp_930862031_1_12?s=electronics&ie=UTF8&qid=1487175056&sr=1-12,"<ul class=""a-vertical a-spacing-none"">
					
						



<div id=""hsx-rpp-bullet-fits-message"" class=""aok-hidden"">
    <div class=""a-box a-alert-inline a-alert-inline-success hsx-rpp-fitment-bullets""><div class=""a-box-inner a-alert-container""><i class=""a-icon a-icon-alert""></i><div class=""a-alert-content"">
        Es adecuado para su &nbsp;<span class=""hsx-rpp-bullet-model-info""></span>.
    </div></div></div>
</div>



<li id=""replacementPartsFitmentBullet"" data-doesntfitmessage=""No se ha encontrado información de esta pieza para "" data-fitsmessage=""Es adecuado para su "" class=""aok-hidden""><span class=""a-list-item"">
        <span id=""replacementPartsFitmentBulletInner""> <a class=""a-link-normal hsx-rpp-fitment-focus"" href=""#"">Haz clic aquí </a>
                <span>para comprobar si este product es compatible con tu modelo</span>
        </span>
</span></li>

<script type=""text/javascript"">
    P.when(""ReplacementPartsBulletLoader"").execute(function(module){ module.initializeDPX(); })
</script>

					
					
						<li><span class=""a-list-item""> 
							Pantalla IPS de 5 pulgadas con una resolución de 720 x 1280 píxeles
							
						</span></li>
					
						<li><span class=""a-list-item""> 
							Procesador Mali-T720 a 1.3 GHz Cortex-A7
							
						</span></li>
					
						<li><span class=""a-list-item""> 
							Cámara trasera de de 8 MP y cámara frontal de 5 MP
							
						</span></li>
					
						<li><span class=""a-list-item""> 
							Batería Li-po con una capacidad de 2500 mAh
							
						</span></li>
					
				</ul>
				<!--  Loading EDP related metadata -->
                
                 	
               
               
			
			
		

		

		
			
			<div class=""a-section"">
			    <span class=""caretnext"">›</span>
			    <a id=""seeMoreDetailsLink"" class=""a-link-normal"" href=""#productDetails"">Ver más detalles</a>
			</div>",null,"EUR 390,00",https://images-na.ssl-images-amazon.com/images/I/81LFMrgSq0L._SY355_.jpg
"Canon EOS 700D EF-S 18-55 IS STM - Cámara réflex digital de 18.0 MP (pantalla táctil de 3.0"", objetivo(s) 18-55mm...",https://www.amazon.es/Canon-700D-EF-S-18-55-estabilizador/dp/B00BY4VKUA/ref=lp_930862031_1_3?s=electronics&ie=UTF8&qid=1487175056&sr=1-3,"<ul class=""a-vertical a-spacing-none"">
					
						



<div id=""hsx-rpp-bullet-fits-message"" class=""aok-hidden"">
    <div class=""a-box a-alert-inline a-alert-inline-success hsx-rpp-fitment-bullets""><div class=""a-box-inner a-alert-container""><i class=""a-icon a-icon-alert""></i><div class=""a-alert-content"">
        Es adecuado para su &nbsp;<span class=""hsx-rpp-bullet-model-info""></span>.
    </div></div></div>
</div>



<li id=""replacementPartsFitmentBullet"" data-doesntfitmessage=""No se ha encontrado información de esta pieza para "" data-fitsmessage=""Es adecuado para su "" class=""aok-hidden""><span class=""a-list-item"">
        <span id=""replacementPartsFitmentBulletInner""> <a class=""a-link-normal hsx-rpp-fitment-focus"" href=""#"">Haz clic aquí </a>
                <span>para comprobar si este product es compatible con tu modelo</span>
        </span>
</span></li>

<script type=""text/javascript"">
    P.when(""ReplacementPartsBulletLoader"").execute(function(module){ module.initializeDPX(); })
</script>

					
					
						<li><span class=""a-list-item""> 
							Cámara digital EOS 700D, lente zoom EF-S18-55 mm / f 3.5-5.6 IS STM, correa ancha, cargador de batería LC-E8E, paquete de baterías, cable de interfaz, software (CD-ROM)
							
						</span></li>
					
						<li><span class=""a-list-item""> 
							Dimensiones del producto: 7,9 x 13,3 x 10 cm y peso de 581 gramos
							
						</span></li>
					
						<li><span class=""a-list-item""> 
							Crea imágenes de alta calidad con bajo nivel de ruido y llenas de detalles
							
						</span></li>
					
						<li><span class=""a-list-item""> 
							Consigue fotos de 18 megapíxeles y vídeos Full-HD desde la misma cámara
							
						</span></li>
					
						<li><span class=""a-list-item""> 
							Descubre ángulos de disparo diferentes gracias a la pantalla táctil LCD Clear View II de ángulo variable
							
						</span></li>
					
				</ul>
				<!--  Loading EDP related metadata -->","<h5 class=""a-spacing-mini a-color-secondary"">
        Enfoque con capacidad de respuesta
    </h5>

                










     
    

 




    <p class=""a-spacing-base"">
        Comienza a grabar de forma rápida y sencilla con el modo de Escenas Automático Inteligente y amplía tus horizontes con los modos de disparo creativos.
    </p>

    <p class=""a-spacing-base"">
        Graba imágenes con bajo nivel de ruido utilizando un rango de sensibilidad de 100 a 12.800 ISO (ampliable a 25.600 ISO).
    </p>




                













     
 
     


    




    <h5 class=""a-spacing-mini a-color-secondary"">
        Elaboración de proyectos en vídeo Full HD
    </h5>

                










     
    

 




    <p class=""a-spacing-base"">
        Graba vídeos con una resolución de 1080p, disfrutando del nivel de control automático o manual adecuado para ti. La cámara EOS 700D admite el silencioso Servo AF en vídeo con los objetivos STM compatibles. Graba sonido estéreo con el micrófono incorporado o un micrófono externo.
    </p>","EUR 519,00",https://images-na.ssl-images-amazon.com/images/I/91OoS3cPlHL._SX355_.jpg
"Canon EOS 6D - Cámara réflex digital de 20.2 Mp (pantalla 3.2"", estabilizador óptico, vídeo Full HD, GPS), color...",https://www.amazon.es/Canon-EOS-6D-pantalla-estabilizador/dp/B00TU8EVV2/ref=lp_930862031_1_20?s=electronics&ie=UTF8&qid=1487175056&sr=1-20,"<ul class=""a-vertical a-spacing-none"">
					
						



<div id=""hsx-rpp-bullet-fits-message"" class=""aok-hidden"">
    <div class=""a-box a-alert-inline a-alert-inline-success hsx-rpp-fitment-bullets""><div class=""a-box-inner a-alert-container""><i class=""a-icon a-icon-alert""></i><div class=""a-alert-content"">
        Es adecuado para su &nbsp;<span class=""hsx-rpp-bullet-model-info""></span>.
    </div></div></div>
</div>



<li id=""replacementPartsFitmentBullet"" data-doesntfitmessage=""No se ha encontrado información de esta pieza para "" data-fitsmessage=""Es adecuado para su "" class=""aok-hidden""><span class=""a-list-item"">
        <span id=""replacementPartsFitmentBulletInner""> <a class=""a-link-normal hsx-rpp-fitment-focus"" href=""#"">Haz clic aquí </a>
                <span>para comprobar si este product es compatible con tu modelo</span>
        </span>
</span></li>

<script type=""text/javascript"">
    P.when(""ReplacementPartsBulletLoader"").execute(function(module){ module.initializeDPX(); })
</script>

					
					
						<li><span class=""a-list-item""> 
							Sensor de formato completo (full frame) de 20.2 megapíxeles
							
						</span></li>
					
						<li><span class=""a-list-item""> 
							Construcción ligera y resistente
							
						</span></li>
					
						<li><span class=""a-list-item""> 
							Sensibilidad ISO máxima 25.600 (ampliable a 102.400 ISO).
							
						</span></li>
					
						<li><span class=""a-list-item""> 
							AF de 11 puntos con sensibilidad hasta -3 EV
							
						</span></li>
					
						<li><span class=""a-list-item""> 
							El GPS registra la ubicación
							
						</span></li>
					
						<li><span class=""a-list-item""> 
							Transferencia de archivos y control remoto por Wi-Fi
							
						</span></li>
					
						<li><span class=""a-list-item""> 
							Vídeo Full-HD
							
						</span></li>
					
				</ul>
				<!--  Loading EDP related metadata -->",null,"EUR 1.569,00",https://images-na.ssl-images-amazon.com/images/I/41OYpKN5cHL._SX355_.jpg
"Canon EOS 1300D - Cámaras réflex de 18 MP (pantalla de 3"", DIGIC 4+, enfoque TTL-CT-SIR con un sensor CMOS, sistema...",https://www.amazon.es/Canon-EOS-1300D-TTL-CT-SIR-metalizado/dp/B01MG97A0B/ref=lp_930862031_1_8?s=electronics&ie=UTF8&qid=1487175056&sr=1-8,"<ul class=""a-vertical a-spacing-none"">
					
						



<div id=""hsx-rpp-bullet-fits-message"" class=""aok-hidden"">
    <div class=""a-box a-alert-inline a-alert-inline-success hsx-rpp-fitment-bullets""><div class=""a-box-inner a-alert-container""><i class=""a-icon a-icon-alert""></i><div class=""a-alert-content"">
        Es adecuado para su &nbsp;<span class=""hsx-rpp-bullet-model-info""></span>.
    </div></div></div>
</div>



<li id=""replacementPartsFitmentBullet"" data-doesntfitmessage=""No se ha encontrado información de esta pieza para "" data-fitsmessage=""Es adecuado para su "" class=""aok-hidden""><span class=""a-list-item"">
        <span id=""replacementPartsFitmentBulletInner""> <a class=""a-link-normal hsx-rpp-fitment-focus"" href=""#"">Haz clic aquí </a>
                <span>para comprobar si este product es compatible con tu modelo</span>
        </span>
</span></li>

<script type=""text/javascript"">
    P.when(""ReplacementPartsBulletLoader"").execute(function(module){ module.initializeDPX(); })
</script>

					
					
						<li><span class=""a-list-item""> 
							Capta imágenes detalladas y originales con cualquier iluminación gracias al sensor de 18,0 megapíxeles, DIGIC 4+ e ISO 100-6.400, y crea atractivos fondos desenfocados
							
						</span></li>
					
						<li><span class=""a-list-item""> 
							La conexión Wi-Fi con NFC hace que sea muy fácil conectar con tu dispositivo inteligente, captar imágenes de forma remota y, después, compartir o hacer copias de seguridad de tus creaciones
							
						</span></li>
					
						<li><span class=""a-list-item""> 
							Graba magníficos vídeos Full HD y crea un montaje de clips con la función Instantánea de vídeo (Video Snapshot)
							
						</span></li>
					
						<li><span class=""a-list-item""> 
							Disfruta de una gran calidad sin esfuerzo con el modo Escena Inteligente Automática
							
						</span></li>
					
						<li><span class=""a-list-item""> 
							usa los Filtros Creativos, el visor óptico y el enfoque automático rápido con grabación a 3 fps
							
						</span></li>
					
						<li><span class=""a-list-item""> 
							Da tus primeros pasos en la fotografía réflex digital: incorpora objetivos y accesorios a medida que crezca tu confianza
							
						</span></li>
					
				</ul>
				<!--  Loading EDP related metadata -->",null,"EUR 359,00",https://images-na.ssl-images-amazon.com/images/I/41oxMF5pQ8L._SX355_.jpg
"Nikon D5300 - Cámara réflex digital de 24.2 Mp (pantalla 3.2"", estabilizador óptico, grabación de vídeo Full HD...",https://www.amazon.es/Nikon-D5300-pantalla-estabilizador-grabaci%C3%B3n/dp/B01B5UZ4OU/ref=lp_930862031_1_5?s=electronics&ie=UTF8&qid=1487175056&sr=1-5,"<ul class=""a-vertical a-spacing-none"">
					
						



<div id=""hsx-rpp-bullet-fits-message"" class=""aok-hidden"">
    <div class=""a-box a-alert-inline a-alert-inline-success hsx-rpp-fitment-bullets""><div class=""a-box-inner a-alert-container""><i class=""a-icon a-icon-alert""></i><div class=""a-alert-content"">
        Es adecuado para su &nbsp;<span class=""hsx-rpp-bullet-model-info""></span>.
    </div></div></div>
</div>



<li id=""replacementPartsFitmentBullet"" data-doesntfitmessage=""No se ha encontrado información de esta pieza para "" data-fitsmessage=""Es adecuado para su "" class=""aok-hidden""><span class=""a-list-item"">
        <span id=""replacementPartsFitmentBulletInner""> <a class=""a-link-normal hsx-rpp-fitment-focus"" href=""#"">Haz clic aquí </a>
                <span>para comprobar si este product es compatible con tu modelo</span>
        </span>
</span></li>

<script type=""text/javascript"">
    P.when(""ReplacementPartsBulletLoader"").execute(function(module){ module.initializeDPX(); })
</script>

					
					
						<li><span class=""a-list-item""> 
							Sensor de imagen CMOS retroiluminado de 24.2 Mp en formato DX
							
						</span></li>
					
						<li><span class=""a-list-item""> 
							Pantalla TFT LCD de 7.5 cm (3 pulgadas)
							
						</span></li>
					
						<li><span class=""a-list-item""> 
							Lente 18-55mm con estabilización de imagen VR
							
						</span></li>
					
						<li><span class=""a-list-item""> 
							Grabación de vídeo en Full HD (1080p)
							
						</span></li>
					
						<li><span class=""a-list-item""> 
							Kit con objetivo AF-P 18-55mm VR
							
						</span></li>
					
				</ul>
				<!--  Loading EDP related metadata -->",null,"EUR 548,00",https://images-na.ssl-images-amazon.com/images/I/81MpnlthkKL._SX355_.jpg
"Canon EOS 750D - Cámara réflex digital de 24.2 Mp (pantalla 3"", estabilizador óptico, vídeo Full HD), color negro...",https://www.amazon.es/Canon-EOS-750D-pantalla-estabilizador/dp/B00U2DGFH2/ref=lp_930862031_1_2?s=electronics&ie=UTF8&qid=1487175056&sr=1-2,"<ul class=""a-vertical a-spacing-none"">
					
						



<div id=""hsx-rpp-bullet-fits-message"" class=""aok-hidden"">
    <div class=""a-box a-alert-inline a-alert-inline-success hsx-rpp-fitment-bullets""><div class=""a-box-inner a-alert-container""><i class=""a-icon a-icon-alert""></i><div class=""a-alert-content"">
        Es adecuado para su &nbsp;<span class=""hsx-rpp-bullet-model-info""></span>.
    </div></div></div>
</div>



<li id=""replacementPartsFitmentBullet"" data-doesntfitmessage=""No se ha encontrado información de esta pieza para "" data-fitsmessage=""Es adecuado para su "" class=""aok-hidden""><span class=""a-list-item"">
        <span id=""replacementPartsFitmentBulletInner""> <a class=""a-link-normal hsx-rpp-fitment-focus"" href=""#"">Haz clic aquí </a>
                <span>para comprobar si este product es compatible con tu modelo</span>
        </span>
</span></li>

<script type=""text/javascript"">
    P.when(""ReplacementPartsBulletLoader"").execute(function(module){ module.initializeDPX(); })
</script>

					
					
						<li><span class=""a-list-item""> 
							Consigue imágenes impresionantes en cualquier situación gracias al sensor APS-C de 24,2 megapíxeles y el procesador DIGIC 6
							
						</span></li>
					
						<li><span class=""a-list-item""> 
							Graba vídeos cinematográficos en Full HD gracias al AF CMOS Híbrido III Cuenta con WiFi y NFC para compartir con facilidad impresionantes imágenes de calidad réflex digital y vídeos cinematográficos en Full HD
							
						</span></li>
					
						<li><span class=""a-list-item""> 
							Enfoque automático con 19 puntos AF tipo cruz
							
						</span></li>
					
						<li><span class=""a-list-item""> 
							Pantalla LCD táctil de 3 pulgadas
							
						</span></li>
					
						<li><span class=""a-list-item""> 
							Explora ángulos de disparo creativos y disfruta de un acceso sencillo e intuitivo a los controles gracias a la pantalla LCD táctil de ángulo variable de 7,7 cm
							
						</span></li>
					
				</ul>
				<!--  Loading EDP related metadata -->
                
                 	
               
               
			
			
		

		

		
			
			<div class=""a-section"">
			    <span class=""caretnext"">›</span>
			    <a id=""seeMoreDetailsLink"" class=""a-link-normal"" href=""#productDetails"">Ver más detalles</a>
			</div>",null,"EUR 659,00",https://images-na.ssl-images-amazon.com/images/I/810I82QRlDL._SX355_.jpg
"Nikon D5600 - Cámara réflex de 24.2 MP (pantalla táctil de 3"", Full HD) color negro - kit con objetivo AF-S DX...",https://www.amazon.es/Nikon-D5600-C%C3%A1mara-pantalla-objetivo/dp/B01N8TY5U4/ref=lp_930862031_1_24?s=electronics&ie=UTF8&qid=1487175056&sr=1-24,"<ul class=""a-vertical a-spacing-none"">
					
						



<div id=""hsx-rpp-bullet-fits-message"" class=""aok-hidden"">
    <div class=""a-box a-alert-inline a-alert-inline-success hsx-rpp-fitment-bullets""><div class=""a-box-inner a-alert-container""><i class=""a-icon a-icon-alert""></i><div class=""a-alert-content"">
        Es adecuado para su &nbsp;<span class=""hsx-rpp-bullet-model-info""></span>.
    </div></div></div>
</div>



<li id=""replacementPartsFitmentBullet"" data-doesntfitmessage=""No se ha encontrado información de esta pieza para "" data-fitsmessage=""Es adecuado para su "" class=""aok-hidden""><span class=""a-list-item"">
        <span id=""replacementPartsFitmentBulletInner""> <a class=""a-link-normal hsx-rpp-fitment-focus"" href=""#"">Haz clic aquí </a>
                <span>para comprobar si este product es compatible con tu modelo</span>
        </span>
</span></li>

<script type=""text/javascript"">
    P.when(""ReplacementPartsBulletLoader"").execute(function(module){ module.initializeDPX(); })
</script>

					
					
						<li><span class=""a-list-item""> 
							Sensor CMOS de formato DX de 24,2 MP
							
						</span></li>
					
						<li><span class=""a-list-item""> 
							Pantalla táctil LCD TFT abatible con una diagonal de 3 pulgadas
							
						</span></li>
					
						<li><span class=""a-list-item""> 
							Grabación de vídeo en Full HD
							
						</span></li>
					
						<li><span class=""a-list-item""> 
							Objetivo AFS DX 18-140 G VR
							
						</span></li>
					
				</ul>
				<!--  Loading EDP related metadata -->
                
                 	
               
               
			
			
		

		

		
			
			<div class=""a-section"">
			    <span class=""caretnext"">›</span>
			    <a id=""seeMoreDetailsLink"" class=""a-link-normal"" href=""#productDetails"">Ver más detalles</a>
			</div>",null,"EUR 1.099,00",https://images-na.ssl-images-amazon.com/images/I/81kxnahOghL._SX355_.jpg
"Ckeyin® 1080P HD Cámara Digital con TFT Pantalla 3.0"" de Rotación de 180 Grados + 0.43X Lente Gran Angular + Filtro...",https://www.amazon.es/Pantalla-Megapixels-Anti-vibraci%C3%B3n-fotograf%C3%ADas-diferentes/dp/B01M70OWGY/ref=lp_930862031_1_16?s=electronics&ie=UTF8&qid=1487175056&sr=1-16,"<ul class=""a-vertical a-spacing-none"">
					
						



<div id=""hsx-rpp-bullet-fits-message"" class=""aok-hidden"">
    <div class=""a-box a-alert-inline a-alert-inline-success hsx-rpp-fitment-bullets""><div class=""a-box-inner a-alert-container""><i class=""a-icon a-icon-alert""></i><div class=""a-alert-content"">
        Es adecuado para su &nbsp;<span class=""hsx-rpp-bullet-model-info""></span>.
    </div></div></div>
</div>



<li id=""replacementPartsFitmentBullet"" data-doesntfitmessage=""No se ha encontrado información de esta pieza para "" data-fitsmessage=""Es adecuado para su "" class=""aok-hidden""><span class=""a-list-item"">
        <span id=""replacementPartsFitmentBulletInner""> <a class=""a-link-normal hsx-rpp-fitment-focus"" href=""#"">Haz clic aquí </a>
                <span>para comprobar si este product es compatible con tu modelo</span>
        </span>
</span></li>

<script type=""text/javascript"">
    P.when(""ReplacementPartsBulletLoader"").execute(function(module){ module.initializeDPX(); })
</script>

					
					
						<li><span class=""a-list-item""> 
							Garantía: 1 año. Si se encuentra con problemas de calidad dentro del período de garantía, le ofreceremos el reemplazo.
							
						</span></li>
					
						<li><span class=""a-list-item""> 
							Fotografías de hasta 24 megapíxeles, grabación de vídeo 1080P Full HD, zoom digital 4X,disfrute de imágenes vibrantes y con gran calidad de detalle.n3.0"" TFT pantalla giratoria de 180 grados, permite crear fotos con facilidad e incluir a todos tus amigos en el encuadre.
							
						</span></li>
					
						<li><span class=""a-list-item""> 
							Vienen los lentes de gran angular y UV filtro, la cámara se puede equipar con lente teleconvertidor(no incluye) Con el fin de obtener una imagen clara, es necesario instalar el lente antes de usarlo.
							
						</span></li>
					
						<li><span class=""a-list-item""> 
							Apoyo: Anti-vibración electrónica, Belleza de la cara, Detección de la cara, Capturar sonrisa; Gracias a la funcion Anti-vibración, se puede tomar imágenes estables fácilmente debido a la vibración de la cámara, la grabación sea excepcionalmente fluida.
							
						</span></li>
					
						<li><span class=""a-list-item""> 
							Las fotografías de 20 efectos diferentes, por ejemplo la foto del efecto blanco y negro , la foto del efecto nostálgico, etc, para satisfacer las necesidades diferentes de disparo.
							
						</span></li>
					
				</ul>
				<!--  Loading EDP related metadata -->
                
                 	
               
               
			
			
		

		

		
			
			<div class=""a-section"">
			    <span class=""caretnext"">›</span>
			    <a id=""seeMoreDetailsLink"" class=""a-link-normal"" href=""#productDetails"">Ver más detalles</a>
			</div>",null,"EUR 72,00",https://images-na.ssl-images-amazon.com/images/I/71semPTz0kL._SY355_.jpg
"Nikon D3300 - Cámara réflex digital de 24.2 Mp (pantalla LCD de 3"", grabación de vídeo Full HD), color negro",https://www.amazon.es/Nikon-D3300-digital-pantalla-grabaci%C3%B3n/dp/B00HQCW7SS/ref=lp_930862031_1_10?s=electronics&ie=UTF8&qid=1487175056&sr=1-10,"<ul class=""a-vertical a-spacing-none"">
					
						



<div id=""hsx-rpp-bullet-fits-message"" class=""aok-hidden"">
    <div class=""a-box a-alert-inline a-alert-inline-success hsx-rpp-fitment-bullets""><div class=""a-box-inner a-alert-container""><i class=""a-icon a-icon-alert""></i><div class=""a-alert-content"">
        Es adecuado para su &nbsp;<span class=""hsx-rpp-bullet-model-info""></span>.
    </div></div></div>
</div>



<li id=""replacementPartsFitmentBullet"" data-doesntfitmessage=""No se ha encontrado información de esta pieza para "" data-fitsmessage=""Es adecuado para su "" class=""aok-hidden""><span class=""a-list-item"">
        <span id=""replacementPartsFitmentBulletInner""> <a class=""a-link-normal hsx-rpp-fitment-focus"" href=""#"">Haz clic aquí </a>
                <span>para comprobar si este product es compatible con tu modelo</span>
        </span>
</span></li>

<script type=""text/javascript"">
    P.when(""ReplacementPartsBulletLoader"").execute(function(module){ module.initializeDPX(); })
</script>

					
					
						<li><span class=""a-list-item""> 
							Sensor CMOS de formato DX de 24.2 MP
							
						</span></li>
					
						<li><span class=""a-list-item""> 
							Objetivo NIKKOR con zoom óptico de 7x
							
						</span></li>
					
						<li><span class=""a-list-item""> 
							Pantalla LCD de 3"" y resolución de 921 000 puntos
							
						</span></li>
					
				</ul>
				<!--  Loading EDP related metadata -->","<h3 class=""a-spacing-mini"">
        MÁXIMA POTENCIA CON 24,2 MEGAPÍXELES
    </h3>


                













     
 
     


    




                










     
    

 




    <p class=""a-spacing-base"">
        Esta pequeña y ligera cámara DSLR de 24,2 megapíxeles representa una manera fantástica de capturar fotos y vídeos inolvidables de alta resolución; además, es potente, fácil de transportar e increíblemente sencilla de usar.
    </p>




                













     
 
     


    




                










     
    

 




    <p class=""a-spacing-base"">
        Diseñado específicamente sin ningún filtro de paso bajo óptico (OLPF), el sensor de imagen de la D3300 saca el máximo provecho de su resolución de 24,2 megapíxeles para capturar con definición incluso las texturas más sutiles y generar imágenes con detalles increíblemente nítidos.
    </p>","EUR 354,54",https://images-na.ssl-images-amazon.com/images/I/71AkYSFFuVL._SX355_.jpg
"Nikon D3400 - Cámara digital de 24.2 MP (DX, CMOS, Full HD, 5CPS, 100 -25.600 ISO,TLL, LCD TFT, 3'') - kit cuerpo...",https://www.amazon.es/Nikon-D3400-C%C3%A1mara-digital-25-600/dp/B01KOADMG4/ref=lp_930862031_1_23?s=electronics&ie=UTF8&qid=1487175056&sr=1-23,"<ul class=""a-vertical a-spacing-none"">
					
						



<div id=""hsx-rpp-bullet-fits-message"" class=""aok-hidden"">
    <div class=""a-box a-alert-inline a-alert-inline-success hsx-rpp-fitment-bullets""><div class=""a-box-inner a-alert-container""><i class=""a-icon a-icon-alert""></i><div class=""a-alert-content"">
        Es adecuado para su &nbsp;<span class=""hsx-rpp-bullet-model-info""></span>.
    </div></div></div>
</div>



<li id=""replacementPartsFitmentBullet"" data-doesntfitmessage=""No se ha encontrado información de esta pieza para "" data-fitsmessage=""Es adecuado para su "" class=""aok-hidden""><span class=""a-list-item"">
        <span id=""replacementPartsFitmentBulletInner""> <a class=""a-link-normal hsx-rpp-fitment-focus"" href=""#"">Haz clic aquí </a>
                <span>para comprobar si este product es compatible con tu modelo</span>
        </span>
</span></li>

<script type=""text/javascript"">
    P.when(""ReplacementPartsBulletLoader"").execute(function(module){ module.initializeDPX(); })
</script>

					
					
						<li><span class=""a-list-item""> 
							Sensor de imagen CMOS con formato DX de 24.2&nbsp;megapíxeles y sin filtro de paso bajo óptico que brinda una calidad de imagen imponente
							
						</span></li>
					
						<li><span class=""a-list-item""> 
							Conectividad fácil con SnapBridge de Nikon y una tableta o un teléfono inteligente compatible
							
						</span></li>
					
						<li><span class=""a-list-item""> 
							Compacta, liviana y muy fácil de usar, sin importar el nivel de habilidad fotográfica
							
						</span></li>
					
						<li><span class=""a-list-item""> 
							Aprenda a medida que saca fotos con el novedoso Modo de Guía de Nikon
							
						</span></li>
					
						<li><span class=""a-list-item""> 
							TFT LCD con amplio ángulo de visión
							
						</span></li>
					
				</ul>
				<!--  Loading EDP related metadata -->",null,"EUR 489,61","data:image/jpeg;base64,/9j/4AAQSkZJRgABAQAAAQABAAD/2wBDAAoHBwgHBgoICAgLCgoLDhgQDg0NDh0VFhEYIx8lJCIfIiEmKzcvJik0KSEiMEExNDk7Pj4+JS5ESUM8SDc9Pjv/2wBDAQoLCw4NDhwQEBw7KCIoOzs7Ozs7Ozs7Ozs7Ozs7Ozs7Ozs7Ozs7Ozs7Ozs7Ozs7Ozs7Ozs7Ozs7Ozs7Ozs7Ozv/wAARCADtASwDASIAAhEBAxEB/8QAHwAAAQUBAQEBAQEAAAAAAAAAAAECAwQFBgcICQoL/8QAtRAAAgEDAwIEAwUFBAQAAAF9AQIDAAQRBRIhMUEGE1FhByJxFDKBkaEII0KxwRVS0fAkM2JyggkKFhcYGRolJicoKSo0NTY3ODk6Q0RFRkdISUpTVFVWV1hZWmNkZWZnaGlqc3R1dnd4eXqDhIWGh4iJipKTlJWWl5iZmqKjpKWmp6ipqrKztLW2t7i5usLDxMXGx8jJytLT1NXW19jZ2uHi4+Tl5ufo6erx8vP09fb3+Pn6/8QAHwEAAwEBAQEBAQEBAQAAAAAAAAECAwQFBgcICQoL/8QAtREAAgECBAQDBAcFBAQAAQJ3AAECAxEEBSExBhJBUQdhcRMiMoEIFEKRobHBCSMzUvAVYnLRChYkNOEl8RcYGRomJygpKjU2Nzg5OkNERUZHSElKU1RVVldYWVpjZGVmZ2hpanN0dXZ3eHl6goOEhYaHiImKkpOUlZaXmJmaoqOkpaanqKmqsrO0tba3uLm6wsPExcbHyMnK0tPU1dbX2Nna4uPk5ebn6Onq8vP09fb3+Pn6/9oADAMBAAIRAxEAPwD2aiiigAooooAKKKKACiiigAooooAKKKKACiiigAooooAKKKKACiiigAooooAKKKKACiiigAooooAKKKKACiiigAooooAKKKKACiiigAooooAKKKKACiiigAooooAKKKKACiiigAooooAKKKKACiiigApKyPEHinSPDNusup3OxpP9XCg3SSfQD+Z4rgtS+K+pXQKaNpsdqh4825O9vwUEAH6k0AenNeQozKWYlTg7ULYPpwKU3dusKzNOixt0ZmwP1rwm81PXdWkD3mpTuVztCYjAycn7oHeqP9lBm3OpZvVjk0Ae/f2vpmcf2ja59POX/Gp4bm3uP9RPHLjrscN/KvABpa7duxPrtGaY2jpuyq/MDwV4oA9+fULWMEtKMDOSASB9TVgEEAggg9CK8Dt5tWspEktb+4jaM5X5ycV0mmfEvW9OVIb+yt7y3QBQYwY5MD8wfyFAHrNFczoHj7Q/EFwtpFK9reMMrb3C7Wb/AHT0P0zn2rpqACiiigAooooAKKKKACiiigAooooAKKKKACiiigAooooAKKKKACiiigAooooAKKKKACiiigAqO4nitbeS4ncRxRIXdz0UAZJqSvPPi/r5sdCi0WB8T6i37zH8MK9fzOB9M0AeV+IdauPEuv3OrzFh5rbYEJ/1cY+6v9T7k1a0S4LSiK4AEI+9KeiD1NYu/DLGgyzEAD1rauSIw0EYCRRcYHc+p9aANw3+iREqbuWQjqI4f6k0xtd0VQCIrtx0zlVru7DwZp174O0uykggS9AiuHk2gOw3bmBPUggkflWfHFY/8JZ4o1OO0tEtNIsxCqGBShfaWY46ZyCPxoA5P/hINHDY+xXZI/6ar/hQPEGjdDa3i+vzKa6i18H2V38ONPlvTFYKYzfXl4sQMoTBcKDjOMEfgMVkaL4D02+srS/1DUbu3h1Scx6dCiDzCMMVZzgjJVSeOAO9AFEazoL9ZbmP/fhB/kar6jeWIgzYzrdO3baVKD1INX7b4fRG61yPUtY+y2+kuii5SLcH3LuyR6gFeB3NZfjPw3D4R1i3tLW+e4MsIlLOoDIckduxxQBhOsjyCUSMkqMGR1OCrDoQexr3/wAG6/8A8JH4atr5yPtC/urgDtIvX8+D+NeDbvMiWXABbIYAcAj/ACK7L4X67/ZviJtNlbFvqIwueiyqOPzGR9cUAeyUUUUAFFFFABRRRQAUUUUAFFFFABRRRQAUUUUAFFFFABRRRQAUUhIUEsQAOpNVJtY0y3/1+pWkX+/Oq/zNAHFaz8XdM03VbrT7WxlumtZDDJKZBGu8HBAB5ODxn8qzF+NUL/d05iccBRuyewzn/OK4jxNaSy+M9YvLeOWe3lut8c0aLLvBIPysOMdcDt0NZH2e+QjNhetxjBYD9B2oA9RPxbEjDy9K1OQFsfIqAEY4xlc5z2z05qNvivevGph0WUE7Pme5THzHBI4GR2Hqa8xMd+zcaFLJ/wBdJGOcDnPPf+XFXLbTdamGF0a0jzs+Z8Z479+ew9KAOrvfi34iCHyrC0iyDybgMRhsdm5/x+lSeAviN4j1XxrZaZqV3DJa3QdSrKM5ClhtKjrkd+MVzLeE9VmP7xtOgBzwluDjJ+narGjaW/hLWrbW5L8SvasWEMa+SHyCME88c9MUAfQjMsaF3YKqjJJOABXzj4w15vEfii81FSTBu8q39o14H58t+Navif4patrdrLp48m1tZQVkS3yXkHoWPQHviuJnncoAoCDsooAltrmC2v4JbhiI0cM2BnpWg2sWLkkyE856HmuabLMSaMUAekD4q6gNbTV1FoJVtvswhEb+Xs3bs43Zznvms0+N5v7I1TTAbfy9WmM1zNtbzMkgkA5xjjuD1NcTSc0AekH4p6iSVMVg0DWn2Q25R9hT1xu64OKbpXxQvdI0q209LewufsYItZ50YvGDkdjzwccY4rzjNGaAO7g8f3kWm3Fg5trhbq8W8uJZVO+Rwytg4IG35FGMdKo6/wCJz4j1d9UvWiSZ1VNkWdqgDtnn3rk+fWlAoA6O0vLaSJoBMu/eCoPcY5/pUyvJBKk0TFJI2Dow6qwOQfzrltvtXRaehk0wTBidrbTk9KAPorw1rUXiDQLTUoyN0qYlUfwSDhh+ea1a8F8HeNLnwjdyK0RudPuGBmhBwyHpvT3x1HfAr2nRte0zX7UXOm3cc64+ZQcOnsy9RQBo0UUUAFFFFABRRRQAUUUUAFFFFABRRRQAUUVwHj34if2JI+kaKY5NSx+9mcZS2BH6v6Dt39CAdD4o8ZaP4StDLqFwDOy5htYzmSU9sDsPc8V5/N8UdVvbdZV8qzEoOYocM6D3YjjjuP0rgJI5pbt9QuGOoTFi8jTklmb1Pr+H8qZcXEsjrM3zhj8xAwPYewxQBtPf6lqczy3V/LIhb5fOkaQj2XPU/gBVqxtbiEu0LyZkbcS5zz7DoKzozb3Nkwik2XEYLwZJUq+P1/UVoaN4msH0yB768NtcFWEvybssDjIwOPXFAD7qzkgiuNQu5pyqJukZZduFHoMYz6VPBKNKtn8zfLFMoDSyxqWAPTOQcdeoxVeDWLfXde0yFVkmitEeS6Pks6yOOFIQZx2OSO9aGvJe3Vuyx2ohgzlvNddz45GcHAXpxyT04o3AwLmSewuVuILohTyAAQAPoSc1sy+Jo7m1tVSFPPdAZGUHAz0AUdSfSuR8zzJI7RpBIsOdxHT6Vp+E9QWx1aa9uIY7lYdkQSRcgKQVz+G0UAdGzSR2n2mfTrkxAZZvkcqPVkVtyj+VYmsizvtPa4snyqfLIhOdhPIIPdSOh9qsS3ckepTXlvdGIMxYKr4PJ6VhS7rPUL3C7YTbAsPRm2sB/M0AYCLlj9atrBm2kmI6EIv171PbWD/Z/PcYB5BNWJYwkVta5VW+8+44AZumfoMUAY32U0n2dqvIySMQRg9QcEZH41cttJu7wK8UBWIjPmyHYgHc5P8ASgDE+zNSG2auqg0jTFkPnXk18qfeWxiOPxduBUiRaNbIytpsbFhjfdX24j6CIHH40Ach9mNH2Y12JudJ8vyv7P0nbuz0uC3/AH1jOKa50e4VV/s6yyowPs9zJET9d64P50AciLZqUW7V1culaTM/mL9s0+LPzfKLiNf+BoT39aqPodz5Tz2xivLdBuMkEgbA916g+1AGCLc1q6JIYmms2+7cJ8vsw5H+FRBAQdpGQCfmOOgJ/pRCcMHUFXQhqANJ7dI3hKTCeNlG5wMANgFlx7Zxnvir8VwNH1BZrZpI++Y3IYfjWfbPuvH0+PGbx1kiBzgH1/DJH4mpromSNHIwR8rZ9RQB3+k/EHUlUATx3yjqko2uB9R/Mg12WheMtL1uUWwY215j/j3lIy3+6f4v5+1eBC4EbgOrRnfsRv7x9sVZa9aZAHfeVOUlU/MpHfI7g0AfSdFcB8N/HEmuI2japJu1C3TdFKePtEY4yf8AaGRn16+td/QAUUUUAFFFFABRRRQAUUUUAcv4/wDFX/CK+HXmhYfbrk+Vag9mI5bHoo5/Id68EEzO7PK7PI7FndjksxOSSe5NdR8WdabU/G72isTBpkYiUdt7AM5/9BH/AAGuK3N16UAacc4ByvDY4PStC2S0nkYtOYpW54XKn3x7+35VzqtgZzmlF4I/r9cUmOLSd2jv7LTbgIHRIpYz0ZSMH86qzeGNBF1JNdwzhnOWjWcKoPfAFchH4jvLcFYpnQHrgn/Jpj+IZ35Ykn1NS+c6Y/V3vdHeWZ0XRFkOlaUplkGGeS5DEj8TWLrd1repqQVjSLsiSr/jXMPrkx6bvzFQSatO/HOPdj/Shc4S+r9Ll21t7i3mJdAB3w4J/LNbPhp0juboXFsJQ6kMhGcr36dD057Yrkje3B4D7c/3QBmtDSJpIpi+48jB96peZzy5b+6dyq6Iv72C1u3cHO2cAgexYDJH5Vkahdw6he7JGG0vvkYKFyfpVS51Ew23ysQzVhG5bzC2480yTp7q7gmK20S4iA+fHZByf0GPxrLVJNRumUIGlmY8HoAabp8U9xau0SlpJ22D2Qcsfzx+Rq40sUMZhtOIsbZJlJDT89B6L7j0oAdb21lYRMPKjuZ8/O7sfKiIP3c/xn2Hr+NMu9SMg3zOJgOhmAEa/wC7H90fjmsu91IRt5cYEkg4CgfKntVIW0902+dyfbsKALtzrQmIUtLcbfujPyj6elVvt10/3IUUe/NXYdKkW0N15DGFTgv2/wA8j8xWvc6La2Nq7vch33IBsIJXIywK+o9yOo/AA5rztQJ42j/gIpwuL9Rykbj6V0PkaWZbCJN3zEG5kc7VK56Hk4P0xjPfrRdWWnpZyzxyKZk24hjk3DkDccnqAePU59BmgDCj1R4ZAzwyQsOjoelaFvqYlkEwcPKOfMRvLmH/AAIcn/gWau3Hhu6UDySs2RjaOCWH3gPoc/8AfJrCudO8uQqyNBKv4UAbk9xDqEBjvI/Oxk+fGgWZT6uo++PcfXiq81qtr80biaCQ5SdR8sn+H0rJiu5oHC3GePuyr1FaK3jwHegV0m4kXHyye/oG9+/egCWGV4zFNGR5kD5B/X8qtRz/AGszeY0cbNmUnhVHc4/wqsoiykkTb4JSRtPBXn7rehrRnsoL/SjqlrEId0zRSwBsiL0H8qAKOIF6Xif98N/hTRHAi7UniUDjaqNx+ldpo1yf+ENsI3ntVcA+R9o5VJvN/dfTBznvg5PFX477TwbiOO5SG/mtopHWfDOk2yNYt0g+UkOSSfU5IGKAOAtLuXTL+3v7G5UXdvJviIyOQOQfYjII9DX0XpeoRarpdrqEGRHcxLIoPbIzivI/E06S6EEM1u6p5PmIjKT9u3sZW49UY89Old78NZhN4E08DOI96DPs5oA6qiiigAooooAKKKKACiikJwCfSgD5c164Nz4m1e5JyZb6Zh9C5x+lUhyO1LO/mXlw/XdM5+uSaWMZxQA1hgGqshOTWg0RZRhaga355FAFDFIQau+RmmPDjtQBTPFIaldQvWmJGXOTQAsaZ5PfitOA7RgcD2qtHHgqPeriJtjZz0xQBVvLhnfHpxVYEtgDlicAe9JIxZiT61paLCA8l9JGHWHAiDDIZzwPy6/hQBquv2a2jsUGGVAsx7juVB98kn24rK1G8If7Nbn5+jMP4as3tz9kti+4tK5O0nqSep/r+VUrK2P335Y8kmgBbOyRSpc4BPzMRnA9a6k22laRbkTOlzP1BTsRyG5GNpBz759ucYAKOhPYAdTST274/ecnso6L/jQZzqKA7UvEk9z8qjKgEY3HHJyck5Y9vbgelYsl/duciTZn+6KfcKFY1TY0xRk5Djc3J/5eJf8Avo09L68Q8Tk/7wzVYnmjJFBobVh4kurMgbmjUHPyHK/ip/XHqa37bUbPU4YIpBboibI1UhthTJBAx918FRlj2zkVw4bn0qSGWSCTfEdp7js31pDOj1bTEsZ/s/nLNlctjGVOe+D+I74PIFZUbtZP5b/PA/r2q5b3KXcRkXIYffUnJBpk0QdCpHBoAkjmNrJu+/C/31/vAd/qK1BcpbxSmAYa5UeYwJw+O+PWsC2YjdbOcEcoa0NKC3MwsZGKE58k+h/u/TP6GgCW5sIriL7UjOknSQLjB9+lVRYqRjzZMfh/hWla7wxhmRoy4wVcEfQ81AF2MyHqDQA20sI45vM8x2KrwDgD9BXtXwoct4KQH+C5lA/76z/WvIYBhHP+z/WvXPhN/wAiZ/29y/zFAHbUUUUAFFFFABRRRQAUyY4hc+in+VPqOf8A495P9w/yoA+TUO7J9STVqAZIFU4j8oNXYDyM0AaEUIYcd+tNktwCeMds+lW7flORyPSmXDpFzIyqDxycZoApPBnt/wDWqvNFtHFaAwwDKQVPcHiq9wuRQBiXHUCnwL8lNuh+9xUsP+rHegCaNPmT6/0qzd/urLp1qKMfvUGOSf6Gn6w2IESgDHJroYYvItbe24yq+Y5Xuzf/AGP86wrWLz7uKIZ+dh061vzTDM8/YliP5D9AKAMu5Y3eokDlYuB9a0IkCqAKoacmQXPVjmtNU3lY843kLn0oE3ZXL+n2o8v7U45biMeg9fx/lUN/hFNaEk6RphcAAYA9BWDfTtcTCNOWY4ApHnRcqkuZmbKrSu23AC8sx4Aqo23+AFv9o8CtUW4uj5cfNvEcA/8APRu5P9KtpoRwHmUkt91AMk/hUuor8qPQhTaVzmzuPQD8BTTkfeWt24eGA7RD09MH+VVGMM4IUc/3SOa0GZv0pQafNF5TZX7pqPtQBPBO1tMJl5xww/vCtslXUMpyrDIPtXPqeK1NLk3W7RHrGePof8mkMS5Uoyyr1U1I77JEuEOOjce3X9P5U+ZNyFfUYqCI7rP5h9xuR/n2NAHS6lq8us3EM0qjzbWBImcDG9edp/p+VVrkfv1k6CQZ4rOgkKm2Z50gi2GOaR+QQDxx+A/Or0kweNNs8NxEvAkiJ+X6igCxF/q3/wB3+or1r4SnPg5h6Xko/lXksRIib6V6v8IjnwhMPS+lH6LQB3VFFFABRRRQAUUUUAFR3H/HtL/uH+VSVFccW0p/2D/KgD5LhzsX1q5B71Tg/wBWp9qtwkZ9fagDbtSNuGrO1jAiJ6y7+vcLgY/XNW7dyFHXHvRcIko2zIJADwGHSgDN0Z3ZZt3Ma4wT61dkH+RTl2qgRFCKOgUACkfoR1x2oAwbk5nP1qaEYjB9KgnOZ2+tWI/lQCgCeH/Xx+uT/Kmaw3KDPanw/wCvTv1/lUWsfeQ+1AEOk4/tOEn+HJH1FX7k401/UqB/Ks/SmxqKdeQR09qv3POnP7AH+VAE+iWq3UsUDO0YYfeVC5B7cDmrOoRpp+oCFSxCgN8/UEqOPfr171Do06200MrySxoBhmhbDdP5etQ65MjziWF5HiJ2o0gw2MDA+mBge1NET1iwuL4letUFuCDLKD8yoQvsTxmq8kmR1qMP8jj1H9aZjCFjpNC8syRxH7qDJrqJYo70LYQyiNp03zSDqE/hQexxuPrkelcJo9zsuG56rT77UbmG4LxuylQEbHpjg1yOi9WtzuVSysM17TH0282MG2tyjH+Iev0qgAXjLjIePvVm3vjPfwyXx+0Rp8u1z0X2ra11dLW083T02edhUQ+nc1um42izO11c5+Q+bFnHUVUHT6VeMe2JR7VV24DH3xVXJeg1RV3TW23LejJVZVJNW7BNtzuPZTTI5tbG/qukvp9rDKY5QJGI8yRl59toJx0POaxYeY519Cf5VsalYT2kULzPG3Gz5ZCxbrhsHoMcAjggCsmEYiuX7bwP0NI0E+0T29tHNBI0ZSYnevBUlex/OlNxLct5mQLkHiQDBf2b1z6moZlJ09ef+W3TPX5fSo43MAD9wflHqaAOjsZBNpwlUYDL09Oeles/B858J3XtqEn/AKCleQaUCulsp6L39+9eu/Bz/kVL3/sIyf8AoCUAd/RRRQAUUUUAFFFFABUV1n7LNjrsb+VS1Hcf8e0v+4f5UAfJVv8A6pc+lWou2aqwDMQ9atQ9vWgDTgPGc/5+lPkPsB9elRQNnv07HmnOcHA4H8qAFz1//XTHPy8ijOe2B7rTGYYOO/oaAMSUfvz9atR/d+tVZf8AXN9aspyg9+c5oAng5mT8f5Go9XGY42/Cnwf69OOuf5U7UU32Zx/CaAMuyk8q8hfsGFbLx7opYe+CKwASOR1FbsUu8RydnUE/Xof6UASaFO0U9rKrbWRwM7tuOcde31q34qgMtuLpZPNyTyN5xtODlm68HtxxWXCoiupoW6E71+hro7id9T0oPe3kbtjEUCIueONpAO4kgk9CAO/NAHC7simhsGpbiB7S5eBwQVPGR1FQkYpiSJIZTDMGHb+VaU2y5UODhsYB7EehrJ6jmnxzSRcA5HoaYFjy3Q/6lSfUEYqRdzNvmbJ7Cq/2vP8ADTfOZjwKTGXZZQEz1Y8Aepqs64IjzkryxHqetIH28g7n6Z7L9KfCmTUxjYiciSKEntV+wgzcjHqBzjHqevHT1psaBVya1NGltrS7E9xN5ZjGRjkk98cHnt2+oqjGn70rjtfmZrwQukI8ob98a4J3gNhjubOPqRzxxWPjy9KVu87s4+mdv8waku5JbmRyFZpriTAXJYksemTyfSk1UqtylpCwZIFEYK9yOCfxbcaR0lW4Um0gWNGZy7PleCB06/hS22m3Mrq8gMaHjeTlj7CrXAcIvAQBeuavj70af3RmgC1EixWLIgwirwPxr1L4Oj/ik7s+uoSf+gJXmDDFpJ9P616j8HhjwhOfW+k/ktAHeUUUUAFFFFABRRRQAVHPzbyf7h/lUlMl5hf/AHTQB8kw8LirUfUEd6rLhSwHQMcfnU8fNAGhC3y9/rT5CQcYwfbioIfzqR+BgfrQADjHXNMc5B5/Ojt0/pTXPH09aAMmQ/vj7mrKY2AdKrTcTH61YU/IKAJ4eJU69asSKHjdD3FVA20qfRhVxuKAOeYbXKnqDV/TpQUaAnkHcg9fUVDqEPlz7x0aq8btFIsinBBzQBsTgvGs6cyRcn3XvV/T75oWV1mmS3kIMohbazL6ZrPhnDKsyfdbqPQ0uPsreYnNu55x/Af8KANLxBoomja6tnjkiB+WVDwM44I7A5HckcZOTiuUIZWKOpVlOCD2rsrPVzb23lyRrN5QzbqygoCeu8Ajdnjrnp07itruhwx+WWZhMQd+F/1fTv3UnOCcZxxxigDlcelJnFWZrO4t+XTcn99OR/8AWqDIPQg0xDc04UYHtSjAoAco5q5Dgc9AKrwxSSn92hb37D8a3NM0Sad03YXcCUdwdrY/u92P06UGMouQWNv9pnSNpFhB53vwFHqf5D61Z1CP7L/olxZ+Tcx8Bjw23tuA4JPrwfr1p4vGsYJ9OmtxLu3eckoxsk6ZGDzjAOT36Y5zmxQtdzGBJNiIN00zdI1/x7Ad+lI1jFRVkTWREKy6pJwIcx22f4pSOW/4COfrt9azoCS7XDD7vTvz2qbUbtbydLW1QpbwjZGh6gep9STyfeoCy5CIcqvf1oKLdqN0gz65NXYW3zlunOKpQHy4S3duBVu0HNAGhIf9Efjt/WvVPhAMeDJD63sp/lXlcx/0R/p/WvVfhD/yJR/6+5f6UAdzRRRQAUUUUAFFFFABTZBmNh6g06kIyCKAPkgja8g9HYfrUsdJOuy8uF/uzOPyY0sePegC5F+dPY/X8BUcZ4x1/lTn5+vf/JoAM/mfTJpp6cYpM+4H1pCc8cUAZs3+t455qwB+7BH41BMP3v41MpG3FAEi8rVsNuRW9QKqRtj3FWIT8hHoaAIbqITQkdx0rJIKkg9q3H4qhdwfxqKAILa4MD8/MjfeWtOCXaw2kPFJx83IPsRWN7GpIZ2hJxgqfvKehoA2xbtGpe0DSxjloc5eP6f3h/Lv61LZXvkyLNCwcZG5CeG+v07ehqjb3e4hkZiRyMH51/x/nVsyW92fMmUiTvPBgMf95eh/Q+9AF2+urW52S29t9nmJzKFJ2nge/OTk9BjOOetZ8ltbynMkCE+uMH86k+zT/wDLvLFdA9g2xx9VP9M1HI0kHE8EsX++hFAEX9nWf/PH/wAfb/GnpaWsZ+WBP+Bc/wA6T7XDj74oW4WQ4jDSH0UZNAF/T7iCC43XMKyIUKruUMsZ/vbSCG9Me9O1DU/tCeTGFS3il3wttCsoAwPoO4GTjp2qiYbs9YRCv96c7f06/lTTFCDukY3DDt91B/U/pQAZlu2Zw5WPPzzvk5Pt6n/PvSXM4jthbWylEJyFJ5c/32/zgUyW6L4KkEAYB6Kv0H+FUJbjO4ISSernqaAHswhXykILH7zf4UsI3MB0FVV64FXIlwKALW7ewHYVoWg6VnRda07UDIoAtzf8ej16v8Ilx4IB/vXUp/WvJrlgtqefvEAV658Jcf8ACBwEd55j/wCPmgDtaKKKACiiigAooooAKKKKAPlDUVKaxfr/AHbqUf8Aj5qKPitvx5oGpeHvFOovd2sq2lzdSTQXAQmN1ZiwG7pkZwRXOLdqP4hQBpRj25qRsVQjv4QPmc/hipft1u3/AC32/UCgCf2A/CkPFQi6tjwbsY/3aY95AGGLgEeoWgCGf/W/jTlPaq8lwrPkuMZ4wKeLiDu7fhQBOrYHtViF8OOuG4/wqiLqDGCW/wC+v/rVJHfW8TbgpY9iX6fpQBoOMioWHbFRf2pCe3/j1MbUIT2/8eoAintc/MnT0qoVZTgir326L/JqN7m3fqo/OgCqDg5HBqwl4wOXGT/eHB/OomMJ6Pimkx/3xQBoJeBv41P++MH8x/hVqHUJ4hiKSVB6JJx/OsT5P74pQ+BjzOPTNAHQf2veHrNOT7jNMk1W7cYea4YehfH9awvM/wCmn60b/wDpr+tAGk91jJLIv1JY1WluwemXP+30H4VV+Tu4pw8vvIKACSV5Tljn2oVWY8CnL5OeXBqdZ4F6EfnQAsUGOTVgDFQfa4vUfnR9uiHbP40AXYhzWnbgBcsQAOpPasAaoi/dQfiav2dpretlUsNMvbwE8CCBiv1Jxj8TQBLqGoqVMgP7tBhP9o+tfQHw/wBJl0XwRplncIUn8rzJVPVWcliD7jOPwrhfA3wluo76HV/FIjHkkNDp6kMN3Yuen/ARn3PavXaACiiigAooooAKKKKACiiigBrosilXUMp6gjIrMm8LeHrglptC05yepa1Qn88Vq0UAYR8EeFT18Pad/wCAy/4U3/hBfCZ/5l3Tv/Adf8K36KAMD/hBPCf/AELunf8AgOtPj8E+FYXDp4e04MOmbZT/AErcooAoroekKMLpdkB6C3T/AAo/sTSf+gXZ/wDgOn+FXqKAKP8AYekf9Auy/wDAdP8ACk/sPSP+gVZf+A6f4VfooAof2HpH/QKsv/AdP8KP7C0f/oFWX/gOn+FX6KAKH9haP/0CbL/wHT/Ck/sHRv8AoEWP/gMn+FaFFAGf/YGjf9Aix/8AAZP8KP8AhH9F/wCgPYf+Ayf4VoUUAZ3/AAj+if8AQHsP/AZP8KP+Ee0T/oD2H/gMn+FaNFAGd/wj2if9Aew/8Bk/wo/4R7RP+gNYf+Ayf4Vo0UAZv/CO6H/0BtP/APAVP8KP+Ec0P/oC6f8A+Aqf4VpUUAZv/COaF/0BdP8A/AVP8KP+Eb0L/oCaf/4Cp/hWlRQBmjw5oQ6aLp//AICp/hSjw/og6aPYD/t2T/CtGigClHo+lxMGj020Rh0KwKCP0q4FCjCgADsKWigAooooAKKKKACiiigAooooAKKKKACiiigAooooAKKKKACiiigAooooAKKKKACiiigAooooAKKKKACiiigAooooAKKKKACiiigAooooAKKKKACiiigAooooA//Z"
"Canon EOS 1300D - Kit cámara digital y objetivo Canon EF-S 18-55 DC III (18 MP CMOS, 5184 x 3456 pixeles), color...",https://www.amazon.es/Canon-EOS-1300D-digital-objetivo/dp/B01CQPABAU/ref=lp_930862031_1_4?s=electronics&ie=UTF8&qid=1487175056&sr=1-4,"<ul class=""a-vertical a-spacing-none"">
					
						



<div id=""hsx-rpp-bullet-fits-message"" class=""aok-hidden"">
    <div class=""a-box a-alert-inline a-alert-inline-success hsx-rpp-fitment-bullets""><div class=""a-box-inner a-alert-container""><i class=""a-icon a-icon-alert""></i><div class=""a-alert-content"">
        Es adecuado para su &nbsp;<span class=""hsx-rpp-bullet-model-info""></span>.
    </div></div></div>
</div>



<li id=""replacementPartsFitmentBullet"" data-doesntfitmessage=""No se ha encontrado información de esta pieza para "" data-fitsmessage=""Es adecuado para su "" class=""aok-hidden""><span class=""a-list-item"">
        <span id=""replacementPartsFitmentBulletInner""> <a class=""a-link-normal hsx-rpp-fitment-focus"" href=""#"">Haz clic aquí </a>
                <span>para comprobar si este product es compatible con tu modelo</span>
        </span>
</span></li>

<script type=""text/javascript"">
    P.when(""ReplacementPartsBulletLoader"").execute(function(module){ module.initializeDPX(); })
</script>

					
					
						<li><span class=""a-list-item""> 
							Cámara digital con un sensor óptico APS-C CMOS de 18 MP
							
						</span></li>
					
						<li><span class=""a-list-item""> 
							Sensibilidad ISO de 100-6.400 (ampliable a ISO 12.800)
							
						</span></li>
					
						<li><span class=""a-list-item""> 
							Modo de auto-enfoque: AI Focus, One Shot Focus
							
						</span></li>
					
						<li><span class=""a-list-item""> 
							Con 9 puntos de enfoque automático de tipo cruz
							
						</span></li>
					
						<li><span class=""a-list-item""> 
							Viene con un objectivo EF-S con una distancia focal de 18-55 y apertura f/3.5-5.6
							
						</span></li>
					
				</ul>
				<!--  Loading EDP related metadata -->
                
                 	
               
               
			
			
		

		

		
			
			<div class=""a-section"">
			    <span class=""caretnext"">›</span>
			    <a id=""seeMoreDetailsLink"" class=""a-link-normal"" href=""#productDetails"">Ver más detalles</a>
			</div>","<h4 class=""a-spacing-mini"">
        Haz fotos originales que te distingan del resto
    </h4>

                













     
 
     


    




                










     
    

 




    <p class=""a-spacing-base"">
        Capta imágenes con un excelente nivel de detalle gracias a un gran sensor de tamaño APS-C y 18.0 megapíxeles. Imprime tus imágenes hasta tamaño A2 o recórtalas de manera creativa sin dejar de disfrutar de una gran calidad.
    </p>

    <p class=""a-spacing-base"">
        Consigue imágenes evocadoras y memorables con poca luz gracias a un gran rango de sensibilidad ISO de 100-6.400 (ampliable a ISO 12.800), que reduce la necesidad de usar el flash para que puedas captar el ambiente natural del cada preciado momento.
    </p>

    <p class=""a-spacing-base"">
        Crea asombrosos retratos que resalten al sujeto frente a fondos con un bonito efecto desenfocado gracias a la profundidad de campo reducida asociada con fotografía réflex digital.
    </p>","EUR 389,40",https://images-na.ssl-images-amazon.com/images/I/81qfINYzafL._SY355_.jpg
"Nikon D5200 - Cámara réflex digital de 24.1 Mp (pantalla 3"", estabilizador óptico, grabación de vídeo), negro...",https://www.amazon.es/Nikon-D5200-pantalla-estabilizador-grabaci%C3%B3n/dp/B00I3M61H8/ref=lp_930862031_1_18?s=electronics&ie=UTF8&qid=1487175056&sr=1-18,"<ul class=""a-vertical a-spacing-none"">
					
						



<div id=""hsx-rpp-bullet-fits-message"" class=""aok-hidden"">
    <div class=""a-box a-alert-inline a-alert-inline-success hsx-rpp-fitment-bullets""><div class=""a-box-inner a-alert-container""><i class=""a-icon a-icon-alert""></i><div class=""a-alert-content"">
        Es adecuado para su &nbsp;<span class=""hsx-rpp-bullet-model-info""></span>.
    </div></div></div>
</div>



<li id=""replacementPartsFitmentBullet"" data-doesntfitmessage=""No se ha encontrado información de esta pieza para "" data-fitsmessage=""Es adecuado para su "" class=""aok-hidden""><span class=""a-list-item"">
        <span id=""replacementPartsFitmentBulletInner""> <a class=""a-link-normal hsx-rpp-fitment-focus"" href=""#"">Haz clic aquí </a>
                <span>para comprobar si este product es compatible con tu modelo</span>
        </span>
</span></li>

<script type=""text/javascript"">
    P.when(""ReplacementPartsBulletLoader"").execute(function(module){ module.initializeDPX(); })
</script>

					
					
						<li><span class=""a-list-item""> 
							Sensor CMOS de formato DX
							
						</span></li>
					
						<li><span class=""a-list-item""> 
							Adaptador inalámbrico WU-1a
							
						</span></li>
					
						<li><span class=""a-list-item""> 
							Pantalla giratoria
							
						</span></li>
					
						<li><span class=""a-list-item""> 
							Peso del producto: 553 g
							
						</span></li>
					
						<li><span class=""a-list-item""> 
							Peso del producto: 553 g
							
						</span></li>
					
				</ul>
				<!--  Loading EDP related metadata -->
                
                 	
               
               
			
			
		

		

		
			
			<div class=""a-section"">
			    <span class=""caretnext"">›</span>
			    <a id=""seeMoreDetailsLink"" class=""a-link-normal"" href=""#productDetails"">Ver más detalles</a>
			</div>","<h5 class=""a-spacing-mini a-color-secondary"">
        Sensor de medición RGB de 2016 píxeles
    </h5>

                










     
    

 




    <p class=""a-spacing-base"">
        Ofrece una medición precisa para lograr exposiciones exactas y envía datos al Sistema de reconocimiento de escena, que optimiza la exposición automática, el autofoco y el balance de blancos automático.
    </p>




                













     
 
     


    




    <h5 class=""a-spacing-mini a-color-secondary"">
        Modo Efectos
    </h5>

                










     
    

 




    <p class=""a-spacing-base"">
        Crea fotos y vídeos inconfundibles mediante el uso de una amplia gama de efectos especiales, entre los que se incluyen Color selectivo y Maqueta. Podrá ver el efecto que ha elegido en tiempo real mientras dispara.
    </p>




                













     
 
     


    




    <h5 class=""a-spacing-mini a-color-secondary"">
        Disparo continuo de 5 fps
    </h5>

                










     
    

 




    <p class=""a-spacing-base"">
        Grabe la acción con una rapidez de cinco fotogramas por segundo y capture los movimientos o las expresiones fugaces justo en el momento exacto.
    </p>","EUR 526,98",https://images-na.ssl-images-amazon.com/images/I/81lXd2FyTXL._SX355_.jpg
"Nikon L340 - Cámara compacta de 20.2 Mp (pantalla de 3"", zoom óptico 28x, estabilizador), negro",https://www.amazon.es/Nikon-L340-compacta-pantalla-estabilizador/dp/B00THKEKEQ/ref=lp_930862031_1_22?s=electronics&ie=UTF8&qid=1487175056&sr=1-22,"<ul class=""a-vertical a-spacing-none"">
					
						



<div id=""hsx-rpp-bullet-fits-message"" class=""aok-hidden"">
    <div class=""a-box a-alert-inline a-alert-inline-success hsx-rpp-fitment-bullets""><div class=""a-box-inner a-alert-container""><i class=""a-icon a-icon-alert""></i><div class=""a-alert-content"">
        Es adecuado para su &nbsp;<span class=""hsx-rpp-bullet-model-info""></span>.
    </div></div></div>
</div>



<li id=""replacementPartsFitmentBullet"" data-doesntfitmessage=""No se ha encontrado información de esta pieza para "" data-fitsmessage=""Es adecuado para su "" class=""aok-hidden""><span class=""a-list-item"">
        <span id=""replacementPartsFitmentBulletInner""> <a class=""a-link-normal hsx-rpp-fitment-focus"" href=""#"">Haz clic aquí </a>
                <span>para comprobar si este product es compatible con tu modelo</span>
        </span>
</span></li>

<script type=""text/javascript"">
    P.when(""ReplacementPartsBulletLoader"").execute(function(module){ module.initializeDPX(); })
</script>

					
					
						<li><span class=""a-list-item""> 
							Sensor de 20.2 Mp
							
						</span></li>
					
						<li><span class=""a-list-item""> 
							Pantalla de 3 pulgadas
							
						</span></li>
					
						<li><span class=""a-list-item""> 
							Zoom óptico 28x (22 -630 mm)
							
						</span></li>
					
						<li><span class=""a-list-item""> 
							Estabilizador de imagen
							
						</span></li>
					
						<li><span class=""a-list-item""> 
							Baterías compatibles (no incluidas): 4 x AA LR6/L40, 4 x AA litio FR6/L91, 4 x Ni-MH EN-MH2 recargables
							
						</span></li>
					
				</ul>
				<!--  Loading EDP related metadata -->",null,"EUR 199,85",https://images-na.ssl-images-amazon.com/images/I/91J4beN4sEL._SX355_.jpg
"Nikon D5300 - Cámara réflex digital de 24.2 Mp (pantalla 3.2"", vídeo Full HD, GPS), color negro - sólo cuerpo",https://www.amazon.es/Nikon-D5300-C%C3%A1mara-digital-pantalla/dp/B00FYJ5M3C/ref=lp_930862031_1_11?s=electronics&ie=UTF8&qid=1487175056&sr=1-11,"<ul class=""a-vertical a-spacing-none"">
					
						



<div id=""hsx-rpp-bullet-fits-message"" class=""aok-hidden"">
    <div class=""a-box a-alert-inline a-alert-inline-success hsx-rpp-fitment-bullets""><div class=""a-box-inner a-alert-container""><i class=""a-icon a-icon-alert""></i><div class=""a-alert-content"">
        Es adecuado para su &nbsp;<span class=""hsx-rpp-bullet-model-info""></span>.
    </div></div></div>
</div>



<li id=""replacementPartsFitmentBullet"" data-doesntfitmessage=""No se ha encontrado información de esta pieza para "" data-fitsmessage=""Es adecuado para su "" class=""aok-hidden""><span class=""a-list-item"">
        <span id=""replacementPartsFitmentBulletInner""> <a class=""a-link-normal hsx-rpp-fitment-focus"" href=""#"">Haz clic aquí </a>
                <span>para comprobar si este product es compatible con tu modelo</span>
        </span>
</span></li>

<script type=""text/javascript"">
    P.when(""ReplacementPartsBulletLoader"").execute(function(module){ module.initializeDPX(); })
</script>

					
					
						<li><span class=""a-list-item""> 
							Sensor CMOS de formato DX de 24.2 megapíxeles
							
						</span></li>
					
						<li><span class=""a-list-item""> 
							Pantalla abatible LCD de 3.2 pulgadas con angulo de vision de 170 grados
							
						</span></li>
					
						<li><span class=""a-list-item""> 
							Sensibilidad ISO alta (100 - 12800, ampliable hasta el equivalente a 25600)
							
						</span></li>
					
						<li><span class=""a-list-item""> 
							Otras características: Wi-Fi, GPS integrado
							
						</span></li>
					
						<li><span class=""a-list-item""> 
							No es compatible con tecnología Bluetooth
							
						</span></li>
					
						<li><span class=""a-list-item""> 
							No es compatible con tecnología Bluetooth
							
						</span></li>
					
				</ul>
				<!--  Loading EDP related metadata -->","<h3 class=""a-spacing-mini"">
        Mas características
    </h3>


                













     
 
     


    




                










     
    

 




    <p class=""a-spacing-base"">
        Máxima potencia con 24,2 megapíxeles: Diseñado específicamente sin ningún filtro de paso bajo óptico (OLPF), el sensor de imagen de la D5300 saca el máximo provecho de su resolución de 24,2 megapíxeles para capturar con definición incluso las texturas más sutiles y generar imágenes con detalles increíblemente nítidos.
    </p>




                













     
 
     


    




                










     
    

 




    <p class=""a-spacing-base"">
        Sistema AF de 39 puntos: Con 39 puntos de enfoque, incluidos los nueve sensores en cruz de la parte central, el sistema de autofoco de la D5300 es increíblemente preciso. El seguimiento de sujeto 3D avanzado mantiene el enfoque incluso sobre los sujetos más pequeños, por muy impredecibles que puedan ser sus movimientos.
    </p>




                













     
 
     


    




                










     
    

 




    <p class=""a-spacing-base"">
        Gran pantalla LCD de alta resolución: Visualice todos los detalles de sus fotos y vídeos gracias a la gran pantalla LCD de 8,1 cm (3,2 pulgadas) con ángulo de visión gran angular y alta resolución de 1 037 000 puntos. Componga o revise las tomas y aplique efectos especiales con claridad tanto si está disparando en lugares interiores como en exteriores.
    </p>","EUR 498,00",https://images-na.ssl-images-amazon.com/images/I/81uqPtX91iL._SX355_.jpg
"Canon EOS 1300D - Cámara réflex de 18 Mp (pantalla de 3"", Full HD, NFC, WiFi), color negro",https://www.amazon.es/Canon-EOS-1300D-C%C3%A1mara-pantalla/dp/B01D8V4ML0/ref=lp_930862031_1_17?s=electronics&ie=UTF8&qid=1487175056&sr=1-17,"<ul class=""a-vertical a-spacing-none"">
					
						



<div id=""hsx-rpp-bullet-fits-message"" class=""aok-hidden"">
    <div class=""a-box a-alert-inline a-alert-inline-success hsx-rpp-fitment-bullets""><div class=""a-box-inner a-alert-container""><i class=""a-icon a-icon-alert""></i><div class=""a-alert-content"">
        Es adecuado para su &nbsp;<span class=""hsx-rpp-bullet-model-info""></span>.
    </div></div></div>
</div>



<li id=""replacementPartsFitmentBullet"" data-doesntfitmessage=""No se ha encontrado información de esta pieza para "" data-fitsmessage=""Es adecuado para su "" class=""aok-hidden""><span class=""a-list-item"">
        <span id=""replacementPartsFitmentBulletInner""> <a class=""a-link-normal hsx-rpp-fitment-focus"" href=""#"">Haz clic aquí </a>
                <span>para comprobar si este product es compatible con tu modelo</span>
        </span>
</span></li>

<script type=""text/javascript"">
    P.when(""ReplacementPartsBulletLoader"").execute(function(module){ module.initializeDPX(); })
</script>

					
					
						<li><span class=""a-list-item""> 
							Capta imágenes detalladas y originales con cualquier iluminación gracias al sensor de 18,0 megapíxeles, DIGIC 4+ e ISO 100-6.400, y crea atractivos fondos desenfocados
							
						</span></li>
					
						<li><span class=""a-list-item""> 
							La conexión Wi-Fi con NFC hace que sea muy fácil conectar con tu dispositivo inteligente, captar imágenes de forma remota y, después, compartir o hacer copias de seguridad de tus creaciones
							
						</span></li>
					
						<li><span class=""a-list-item""> 
							Graba magníficos vídeos Full HD y crea un montaje de clips con la función Instantánea de vídeo (Video Snapshot)
							
						</span></li>
					
						<li><span class=""a-list-item""> 
							Disfruta de una gran calidad sin esfuerzo con el modo Escena Inteligente Automática; usa los Filtros Creativos, el visor óptico y el enfoque automático rápido con grabación a 3 fps
							
						</span></li>
					
						<li><span class=""a-list-item""> 
							Da tus primeros pasos en la fotografía réflex digital: incorpora objetivos y accesorios a medida que crezca tu confianza
							
						</span></li>
					
				</ul>
				<!--  Loading EDP related metadata -->",null,"EUR 324,00",https://images-na.ssl-images-amazon.com/images/I/41LnTeDyGNL._SX355_.jpg
"Canon EOS 1300D - Cámara réflex de 18 Mp (pantalla de 3"", Full HD, 18-55 mm, f/1.5-5.6, NFC, WiFi), color negro...",https://www.amazon.es/Canon-EOS-1300D-pantalla-estabilizado/dp/B01D8V4MHO/ref=lp_930862031_1_6?s=electronics&ie=UTF8&qid=1487175056&sr=1-6,"<ul class=""a-vertical a-spacing-none"">
					
						



<div id=""hsx-rpp-bullet-fits-message"" class=""aok-hidden"">
    <div class=""a-box a-alert-inline a-alert-inline-success hsx-rpp-fitment-bullets""><div class=""a-box-inner a-alert-container""><i class=""a-icon a-icon-alert""></i><div class=""a-alert-content"">
        Es adecuado para su &nbsp;<span class=""hsx-rpp-bullet-model-info""></span>.
    </div></div></div>
</div>



<li id=""replacementPartsFitmentBullet"" data-doesntfitmessage=""No se ha encontrado información de esta pieza para "" data-fitsmessage=""Es adecuado para su "" class=""aok-hidden""><span class=""a-list-item"">
        <span id=""replacementPartsFitmentBulletInner""> <a class=""a-link-normal hsx-rpp-fitment-focus"" href=""#"">Haz clic aquí </a>
                <span>para comprobar si este product es compatible con tu modelo</span>
        </span>
</span></li>

<script type=""text/javascript"">
    P.when(""ReplacementPartsBulletLoader"").execute(function(module){ module.initializeDPX(); })
</script>

					
					
						<li><span class=""a-list-item""> 
							Capta imágenes detalladas y originales con cualquier iluminación gracias al sensor de 18,0 megapíxeles, DIGIC 4+ e ISO 100-6.400, y crea atractivos fondos desenfocados
							
						</span></li>
					
						<li><span class=""a-list-item""> 
							La conexión Wi-Fi con NFC hace que sea muy fácil conectar con tu dispositivo inteligente, captar imágenes de forma remota y, después, compartir o hacer copias de seguridad de tus creaciones
							
						</span></li>
					
						<li><span class=""a-list-item""> 
							Graba magníficos vídeos Full HD y crea un montaje de clips con la función Instantánea de vídeo (Video Snapshot)
							
						</span></li>
					
						<li><span class=""a-list-item""> 
							Disfruta de una gran calidad sin esfuerzo con el modo Escena Inteligente Automática; usa los Filtros Creativos, el visor óptico y el enfoque automático rápido con grabación a 3 fps
							
						</span></li>
					
						<li><span class=""a-list-item""> 
							Da tus primeros pasos en la fotografía réflex digital: incorpora objetivos y accesorios a medida que crezca tu confianza
							
						</span></li>
					
				</ul>
				<!--  Loading EDP related metadata -->",null,"EUR 396,00",https://images-na.ssl-images-amazon.com/images/I/41ND4ufkbnL._SX355_.jpg
"Nikon D3300 + 18-55 AFP DX VR - Cámara réflex digital de 24,2 Mp (pantalla LCD 3"", estabilizador, vídeo Full HD...",https://www.amazon.es/Nikon-D3300-18-55-AFP-estabilizador/dp/B01B5UZ4TA/ref=lp_930862031_1_1?s=electronics&ie=UTF8&qid=1487175056&sr=1-1,"<ul class=""a-vertical a-spacing-none"">
					
						



<div id=""hsx-rpp-bullet-fits-message"" class=""aok-hidden"">
    <div class=""a-box a-alert-inline a-alert-inline-success hsx-rpp-fitment-bullets""><div class=""a-box-inner a-alert-container""><i class=""a-icon a-icon-alert""></i><div class=""a-alert-content"">
        Es adecuado para su &nbsp;<span class=""hsx-rpp-bullet-model-info""></span>.
    </div></div></div>
</div>



<li id=""replacementPartsFitmentBullet"" data-doesntfitmessage=""No se ha encontrado información de esta pieza para "" data-fitsmessage=""Es adecuado para su "" class=""aok-hidden""><span class=""a-list-item"">
        <span id=""replacementPartsFitmentBulletInner""> <a class=""a-link-normal hsx-rpp-fitment-focus"" href=""#"">Haz clic aquí </a>
                <span>para comprobar si este product es compatible con tu modelo</span>
        </span>
</span></li>

<script type=""text/javascript"">
    P.when(""ReplacementPartsBulletLoader"").execute(function(module){ module.initializeDPX(); })
</script>

					
					
						<li><span class=""a-list-item""> 
							Sensor CMOS de formato DX de 24,2 MP
							
						</span></li>
					
						<li><span class=""a-list-item""> 
							Objetivo 18-55MM AFP VR
							
						</span></li>
					
						<li><span class=""a-list-item""> 
							Pantalla TFT de 3"".
							
						</span></li>
					
						<li><span class=""a-list-item""> 
							Video Full Hd.  Hasta 5 Fps.
							
						</span></li>
					
						<li><span class=""a-list-item""> 
							Sensibilidad ISO hasta 12800 y sistema AF con 11 puntos de Enfoque
							
						</span></li>
					
						<li><span class=""a-list-item""> 
							Modo guía para iniciarte en la fotografia
							
						</span></li>
					
				</ul>
				<!--  Loading EDP related metadata -->","<h3 class=""a-spacing-mini"">
        Nikon D3300 y AF-P 18-55 VR
    </h3>

                













     

     


    




                










     
    

 




    <p class=""a-spacing-base"">
        Esta pequeña y ligera cámara DSLR de 24.2 megapíxeles representa una manera fantástica de capturar fotos y vídeos inolvidables de alta resolución; además, es potente, fácil de transportar e increíblemente sencilla de usar. 
    </p>

    <p class=""a-spacing-base"">
        El gran sensor de imagen captura los detalles más sutiles con una nitidez asombrosa, y su rendimiento superior en condiciones de poca iluminación (sensibilidad ISO de hasta 12 800) le proporciona la libertad necesaria para capturar imágenes de claridad cristalina en situaciones de oscuridad. 
    </p>

    <p class=""a-spacing-base"">
        Si no tiene experiencia en la fotografía DSLR o si desea obtener más información, el Modo Guía le ofrece asistencia paso a paso. Cuando esté listo para compartir sus imágenes, el Adaptador móvil inalámbrico opcional de Nikon le permitirá cargar fotos a sus sitios favoritos con facilidad mediante un dispositivo inteligente.
    </p>","EUR 379,00",https://images-na.ssl-images-amazon.com/images/I/711DuHaQZYL._SX355_.jpg
"Canon EOS M3 - Cámara réflex digital de 24,2 MP (enfoque automático, máxima resolución a 4,2 fps, pantalla táctil...",https://www.amazon.es/Canon-EOS-M3-autom%C3%A1tico-resoluci%C3%B3n/dp/B01J1I9WQE/ref=lp_930862031_1_15?s=electronics&ie=UTF8&qid=1487175056&sr=1-15,"<ul class=""a-vertical a-spacing-none"">
					
						



<div id=""hsx-rpp-bullet-fits-message"" class=""aok-hidden"">
    <div class=""a-box a-alert-inline a-alert-inline-success hsx-rpp-fitment-bullets""><div class=""a-box-inner a-alert-container""><i class=""a-icon a-icon-alert""></i><div class=""a-alert-content"">
        Es adecuado para su &nbsp;<span class=""hsx-rpp-bullet-model-info""></span>.
    </div></div></div>
</div>



<li id=""replacementPartsFitmentBullet"" data-doesntfitmessage=""No se ha encontrado información de esta pieza para "" data-fitsmessage=""Es adecuado para su "" class=""aok-hidden""><span class=""a-list-item"">
        <span id=""replacementPartsFitmentBulletInner""> <a class=""a-link-normal hsx-rpp-fitment-focus"" href=""#"">Haz clic aquí </a>
                <span>para comprobar si este product es compatible con tu modelo</span>
        </span>
</span></li>

<script type=""text/javascript"">
    P.when(""ReplacementPartsBulletLoader"").execute(function(module){ module.initializeDPX(); })
</script>

					
					
						<li><span class=""a-list-item""> 
							Capta fotografías y graba vídeos repletos de detalles, color y ambiente incluso con uz escasa gracias al sensor CMOS de tamaño APS-C de 24,2 megapíxeles y un ISO de hasta 12.800 (ampliable a 25.600)
							
						</span></li>
					
						<li><span class=""a-list-item""> 
							Utiliza la interfaz ergonómica con su intuitiva pantalla táctil
							
						</span></li>
					
						<li><span class=""a-list-item""> 
							La pantalla se abate hacia arriba 180˚ (ideal para selfies) y hacia abajo 45˚ para disparos de ángulo elevado
							
						</span></li>
					
						<li><span class=""a-list-item""> 
							Reacciona por instinto al momento y capta movimientos rápidos gracias al disparo continuo a máxima resolución a 4,2 fps
							
						</span></li>
					
						<li><span class=""a-list-item""> 
							Enfoca hasta 6,1 veces más rápido que la EOS M original gracias al avanzado AF CMOS Híbrido III
							
						</span></li>
					
						<li><span class=""a-list-item""> 
							Graba extraordinarios vídeos en Full HD (1080p) a 30 fps en formato MP4 con un autofoco rápido
							
						</span></li>
					
						<li><span class=""a-list-item""> 
							Comparte tus imágenes y videos mediante el WiFi y NFC para subirlos rápidamente a las redes sociales o verlos en tu televisor
							
						</span></li>
					
				</ul>
				<!--  Loading EDP related metadata -->",null,"EUR 587,25",https://images-na.ssl-images-amazon.com/images/I/71p%2B9XTA1pL._SX355_.jpg
